{
  "accuracy": 0.7851851851851852,
  "precision_macro": 0.7554553202106065,
  "recall_macro": 0.7806111442902165,
  "f1_macro": 0.7612313718459148,
  "precision_weighted": 0.7918737538500179,
  "recall_weighted": 0.7851851851851852,
  "f1_weighted": 0.7854036835569037,
  "precision_per_class": [
    0.9333333333333333,
    0.851063829787234,
    0.6785714285714286,
    0.8529411764705882,
    0.5,
    0.8461538461538461,
    0.631578947368421,
    0.75
  ],
  "recall_per_class": [
    0.875,
    0.851063829787234,
    0.7916666666666666,
    0.8207547169811321,
    0.5,
    0.7857142857142857,
    1.0,
    0.6206896551724138
  ],
  "f1_per_class": [
    0.9032258064516129,
    0.851063829787234,
    0.7307692307692307,
    0.8365384615384616,
    0.5,
    0.8148148148148148,
    0.7741935483870968,
    0.6792452830188679
  ],
  "confusion_matrix": [
    [
      14,
      0,
      0,
      2,
      0,
      0,
      0,
      0
    ],
    [
      0,
      40,
      2,
      3,
      0,
      0,
      1,
      1
    ],
    [
      0,
      1,
      19,
      3,
      1,
      0,
      0,
      0
    ],
    [
      1,
      4,
      6,
      87,
      4,
      1,
      1,
      2
    ],
    [
      0,
      0,
      1,
      4,
      11,
      1,
      2,
      3
    ],
    [
      0,
      0,
      0,
      0,
      1,
      11,
      2,
      0
    ],
    [
      0,
      0,
      0,
      0,
      0,
      0,
      12,
      0
    ],
    [
      0,
      2,
      0,
      3,
      5,
      0,
      1,
      18
    ]
  ],
  "roc_auc_macro": 0.954506615372386,
  "roc_auc_weighted": 0.9534489740114593,
  "roc_auc_per_class": [
    0.9857283464566928,
    0.9626943993893713,
    0.9623983739837398,
    0.9513920846755637,
    0.8828812316715542,
    0.92578125,
    0.9945090439276486,
    0.9706681928745171
  ],
  "classification_report": {
    "Ariel Sharon": {
      "precision": 0.9333333333333333,
      "recall": 0.875,
      "f1-score": 0.9032258064516129,
      "support": 16.0
    },
    "Colin Powell": {
      "precision": 0.851063829787234,
      "recall": 0.851063829787234,
      "f1-score": 0.851063829787234,
      "support": 47.0
    },
    "Donald Rumsfeld": {
      "precision": 0.6785714285714286,
      "recall": 0.7916666666666666,
      "f1-score": 0.7307692307692307,
      "support": 24.0
    },
    "George W Bush": {
      "precision": 0.8529411764705882,
      "recall": 0.8207547169811321,
      "f1-score": 0.8365384615384616,
      "support": 106.0
    },
    "Gerhard Schroeder": {
      "precision": 0.5,
      "recall": 0.5,
      "f1-score": 0.5,
      "support": 22.0
    },
    "Hugo Chavez": {
      "precision": 0.8461538461538461,
      "recall": 0.7857142857142857,
      "f1-score": 0.8148148148148148,
      "support": 14.0
    },
    "Junichiro Koizumi": {
      "precision": 0.631578947368421,
      "recall": 1.0,
      "f1-score": 0.7741935483870968,
      "support": 12.0
    },
    "Tony Blair": {
      "precision": 0.75,
      "recall": 0.6206896551724138,
      "f1-score": 0.6792452830188679,
      "support": 29.0
    },
    "accuracy": 0.7851851851851852,
    "macro avg": {
      "precision": 0.7554553202106065,
      "recall": 0.7806111442902165,
      "f1-score": 0.7612313718459148,
      "support": 270.0
    },
    "weighted avg": {
      "precision": 0.7918737538500179,
      "recall": 0.7851851851851852,
      "f1-score": 0.7854036835569037,
      "support": 270.0
    }
  },
  "val_score": 0.8425925925925926,
  "best_params": {
    "learning_rate": 0.001,
    "weight_decay": 1e-05
  },
  "confidence_interval": {
    "accuracy": 0.784611111111111,
    "lower_bound": 0.7333333333333333,
    "upper_bound": 0.8333333333333334,
    "confidence_level": 0.95,
    "std": 0.025088314518461163
  }
}