{
  "accuracy": 0.7952522255192879,
  "precision_macro": 0.7561337985486591,
  "recall_macro": 0.7316699233960607,
  "f1_macro": 0.7341930861976322,
  "precision_weighted": 0.7989029613268254,
  "recall_weighted": 0.7952522255192879,
  "f1_weighted": 0.7903968518196225,
  "precision_per_class": [
    0.7333333333333333,
    0.7571428571428571,
    0.8235294117647058,
    0.8740740740740741,
    0.7,
    0.7647058823529411,
    0.631578947368421,
    0.7647058823529411
  ],
  "recall_per_class": [
    0.5789473684210527,
    0.8983050847457628,
    0.4666666666666667,
    0.8872180451127819,
    0.7777777777777778,
    0.7222222222222222,
    0.8,
    0.7222222222222222
  ],
  "f1_per_class": [
    0.6470588235294118,
    0.8217054263565892,
    0.5957446808510638,
    0.8805970149253731,
    0.7368421052631579,
    0.7428571428571429,
    0.7058823529411765,
    0.7428571428571429
  ],
  "confusion_matrix": [
    [
      11,
      4,
      1,
      2,
      0,
      0,
      1,
      0
    ],
    [
      1,
      53,
      0,
      2,
      1,
      0,
      0,
      2
    ],
    [
      2,
      5,
      14,
      6,
      3,
      0,
      0,
      0
    ],
    [
      1,
      5,
      2,
      118,
      0,
      2,
      4,
      1
    ],
    [
      0,
      0,
      0,
      2,
      21,
      2,
      0,
      2
    ],
    [
      0,
      0,
      0,
      2,
      1,
      13,
      1,
      1
    ],
    [
      0,
      1,
      0,
      0,
      0,
      0,
      12,
      2
    ],
    [
      0,
      2,
      0,
      3,
      4,
      0,
      1,
      26
    ]
  ],
  "roc_auc_macro": 0.960657749248067,
  "roc_auc_weighted": 0.9611569135441043,
  "roc_auc_per_class": [
    0.9145978152929494,
    0.9683575173759298,
    0.9473398479913139,
    0.9596048945894147,
    0.9676224611708482,
    0.9702194357366771,
    0.986128364389234,
    0.971391657438169
  ],
  "classification_report": {
    "Ariel Sharon": {
      "precision": 0.7333333333333333,
      "recall": 0.5789473684210527,
      "f1-score": 0.6470588235294118,
      "support": 19.0
    },
    "Colin Powell": {
      "precision": 0.7571428571428571,
      "recall": 0.8983050847457628,
      "f1-score": 0.8217054263565892,
      "support": 59.0
    },
    "Donald Rumsfeld": {
      "precision": 0.8235294117647058,
      "recall": 0.4666666666666667,
      "f1-score": 0.5957446808510638,
      "support": 30.0
    },
    "George W Bush": {
      "precision": 0.8740740740740741,
      "recall": 0.8872180451127819,
      "f1-score": 0.8805970149253731,
      "support": 133.0
    },
    "Gerhard Schroeder": {
      "precision": 0.7,
      "recall": 0.7777777777777778,
      "f1-score": 0.7368421052631579,
      "support": 27.0
    },
    "Hugo Chavez": {
      "precision": 0.7647058823529411,
      "recall": 0.7222222222222222,
      "f1-score": 0.7428571428571429,
      "support": 18.0
    },
    "Junichiro Koizumi": {
      "precision": 0.631578947368421,
      "recall": 0.8,
      "f1-score": 0.7058823529411765,
      "support": 15.0
    },
    "Tony Blair": {
      "precision": 0.7647058823529411,
      "recall": 0.7222222222222222,
      "f1-score": 0.7428571428571429,
      "support": 36.0
    },
    "accuracy": 0.7952522255192879,
    "macro avg": {
      "precision": 0.7561337985486591,
      "recall": 0.7316699233960607,
      "f1-score": 0.7341930861976322,
      "support": 337.0
    },
    "weighted avg": {
      "precision": 0.7989029613268254,
      "recall": 0.7952522255192879,
      "f1-score": 0.7903968518196225,
      "support": 337.0
    }
  },
  "val_score": 0.8374384236453202,
  "best_params": {
    "hidden_layers": [
      128,
      64
    ],
    "learning_rate": 0.001,
    "dropout_rate": 0.3,
    "weight_decay": 0.0001
  },
  "confidence_interval": {
    "accuracy": 0.7959020771513353,
    "lower_bound": 0.7537091988130564,
    "upper_bound": 0.8427299703264095,
    "confidence_level": 0.95,
    "std": 0.02234029997920963
  }
}