{
  "accuracy": 0.6638115631691649,
  "precision_macro": 0.6054757410020567,
  "recall_macro": 0.5831792520392924,
  "f1_macro": 0.584026411437141,
  "precision_weighted": 0.658446690566605,
  "recall_weighted": 0.6638115631691649,
  "f1_weighted": 0.6550102156634057,
  "precision_per_class": [
    0.6923076923076923,
    0.25,
    0.6666666666666666,
    0.5405405405405406,
    0.803030303030303,
    0.5185185185185185,
    0.6,
    0.5714285714285714,
    0.3333333333333333,
    0.7857142857142857,
    0.6,
    0.6,
    0.6666666666666666,
    0.875,
    0.6363636363636364,
    0.8461538461538461,
    0.8461538461538461,
    0.5952380952380952,
    0.07692307692307693
  ],
  "recall_per_class": [
    0.47368421052631576,
    0.09090909090909091,
    0.7796610169491526,
    0.6666666666666666,
    0.7969924812030075,
    0.5185185185185185,
    0.8181818181818182,
    0.4444444444444444,
    0.23076923076923078,
    0.7857142857142857,
    0.2727272727272727,
    0.46153846153846156,
    0.8,
    0.7,
    0.7,
    0.9166666666666666,
    0.8461538461538461,
    0.6944444444444444,
    0.08333333333333333
  ],
  "f1_per_class": [
    0.5625,
    0.13333333333333333,
    0.71875,
    0.5970149253731343,
    0.8,
    0.5185185185185185,
    0.6923076923076923,
    0.5,
    0.2727272727272727,
    0.7857142857142857,
    0.375,
    0.5217391304347826,
    0.7272727272727273,
    0.7777777777777778,
    0.6666666666666666,
    0.88,
    0.8461538461538461,
    0.6410256410256411,
    0.08
  ],
  "confusion_matrix": [
    [
      9,
      0,
      4,
      3,
      1,
      0,
      0,
      0,
      0,
      1,
      0,
      1,
      0,
      0,
      0,
      0,
      0,
      0,
      0
    ],
    [
      0,
      1,
      0,
      1,
      1,
      0,
      0,
      2,
      1,
      0,
      0,
      0,
      2,
      0,
      0,
      1,
      0,
      2,
      0
    ],
    [
      2,
      0,
      46,
      2,
      5,
      0,
      0,
      0,
      0,
      0,
      0,
      0,
      1,
      0,
      1,
      0,
      0,
      1,
      1
    ],
    [
      1,
      0,
      4,
      20,
      3,
      0,
      0,
      0,
      0,
      1,
      0,
      0,
      0,
      0,
      0,
      0,
      0,
      0,
      1
    ],
    [
      0,
      0,
      4,
      5,
      106,
      5,
      0,
      1,
      0,
      0,
      1,
      1,
      0,
      0,
      0,
      0,
      2,
      3,
      5
    ],
    [
      0,
      0,
      0,
      0,
      6,
      14,
      0,
      0,
      1,
      0,
      0,
      0,
      0,
      0,
      0,
      0,
      0,
      5,
      1
    ],
    [
      0,
      0,
      0,
      0,
      1,
      0,
      9,
      1,
      0,
      0,
      0,
      0,
      0,
      0,
      0,
      0,
      0,
      0,
      0
    ],
    [
      0,
      3,
      1,
      0,
      0,
      2,
      1,
      8,
      0,
      0,
      0,
      0,
      1,
      0,
      0,
      0,
      0,
      2,
      0
    ],
    [
      0,
      0,
      1,
      2,
      1,
      0,
      2,
      0,
      3,
      0,
      0,
      0,
      0,
      0,
      0,
      0,
      0,
      2,
      2
    ],
    [
      0,
      0,
      1,
      0,
      0,
      0,
      0,
      0,
      1,
      11,
      0,
      0,
      0,
      0,
      0,
      0,
      0,
      0,
      1
    ],
    [
      0,
      0,
      0,
      0,
      3,
      0,
      0,
      1,
      0,
      0,
      3,
      0,
      0,
      1,
      2,
      1,
      0,
      0,
      0
    ],
    [
      0,
      0,
      4,
      0,
      1,
      1,
      0,
      0,
      0,
      0,
      0,
      6,
      0,
      0,
      0,
      0,
      0,
      1,
      0
    ],
    [
      0,
      0,
      0,
      0,
      0,
      0,
      0,
      1,
      1,
      0,
      0,
      1,
      12,
      0,
      0,
      0,
      0,
      0,
      0
    ],
    [
      0,
      0,
      0,
      0,
      0,
      1,
      2,
      0,
      0,
      0,
      0,
      0,
      0,
      7,
      0,
      0,
      0,
      0,
      0
    ],
    [
      0,
      0,
      0,
      2,
      1,
      0,
      0,
      0,
      0,
      0,
      0,
      0,
      0,
      0,
      7,
      0,
      0,
      0,
      0
    ],
    [
      0,
      0,
      0,
      0,
      1,
      0,
      0,
      0,
      0,
      0,
      0,
      0,
      0,
      0,
      0,
      11,
      0,
      0,
      0
    ],
    [
      1,
      0,
      0,
      0,
      0,
      0,
      0,
      0,
      0,
      0,
      1,
      0,
      0,
      0,
      0,
      0,
      11,
      0,
      0
    ],
    [
      0,
      0,
      0,
      0,
      1,
      3,
      1,
      0,
      2,
      0,
      0,
      0,
      2,
      0,
      1,
      0,
      0,
      25,
      1
    ],
    [
      0,
      0,
      4,
      2,
      1,
      1,
      0,
      0,
      0,
      1,
      0,
      1,
      0,
      0,
      0,
      0,
      0,
      1,
      1
    ]
  ],
  "roc_auc_macro": 0.9415034220242797,
  "roc_auc_weighted": 0.9355427859782544,
  "roc_auc_per_class": [
    0.9000234962406015,
    0.7747208931419458,
    0.9233964772349618,
    0.9289855072463769,
    0.9287064967808744,
    0.9235690235690236,
    0.9710925039872408,
    0.9123979213066074,
    0.9476448661470688,
    0.9910122989593187,
    0.9467703349282297,
    0.9744154523890207,
    0.9877581120943952,
    0.9973741794310723,
    0.9680525164113786,
    0.9974358974358974,
    0.9964418841070823,
    0.953016241299304,
    0.8657509157509157
  ],
  "classification_report": {
    "Ariel Sharon": {
      "precision": 0.6923076923076923,
      "recall": 0.47368421052631576,
      "f1-score": 0.5625,
      "support": 19.0
    },
    "Arnold Schwarzenegger": {
      "precision": 0.25,
      "recall": 0.09090909090909091,
      "f1-score": 0.13333333333333333,
      "support": 11.0
    },
    "Colin Powell": {
      "precision": 0.6666666666666666,
      "recall": 0.7796610169491526,
      "f1-score": 0.71875,
      "support": 59.0
    },
    "Donald Rumsfeld": {
      "precision": 0.5405405405405406,
      "recall": 0.6666666666666666,
      "f1-score": 0.5970149253731343,
      "support": 30.0
    },
    "George W Bush": {
      "precision": 0.803030303030303,
      "recall": 0.7969924812030075,
      "f1-score": 0.8,
      "support": 133.0
    },
    "Gerhard Schroeder": {
      "precision": 0.5185185185185185,
      "recall": 0.5185185185185185,
      "f1-score": 0.5185185185185185,
      "support": 27.0
    },
    "Gloria Macapagal Arroyo": {
      "precision": 0.6,
      "recall": 0.8181818181818182,
      "f1-score": 0.6923076923076923,
      "support": 11.0
    },
    "Hugo Chavez": {
      "precision": 0.5714285714285714,
      "recall": 0.4444444444444444,
      "f1-score": 0.5,
      "support": 18.0
    },
    "Jacques Chirac": {
      "precision": 0.3333333333333333,
      "recall": 0.23076923076923078,
      "f1-score": 0.2727272727272727,
      "support": 13.0
    },
    "Jean Chretien": {
      "precision": 0.7857142857142857,
      "recall": 0.7857142857142857,
      "f1-score": 0.7857142857142857,
      "support": 14.0
    },
    "Jennifer Capriati": {
      "precision": 0.6,
      "recall": 0.2727272727272727,
      "f1-score": 0.375,
      "support": 11.0
    },
    "John Ashcroft": {
      "precision": 0.6,
      "recall": 0.46153846153846156,
      "f1-score": 0.5217391304347826,
      "support": 13.0
    },
    "Junichiro Koizumi": {
      "precision": 0.6666666666666666,
      "recall": 0.8,
      "f1-score": 0.7272727272727273,
      "support": 15.0
    },
    "Laura Bush": {
      "precision": 0.875,
      "recall": 0.7,
      "f1-score": 0.7777777777777778,
      "support": 10.0
    },
    "Lleyton Hewitt": {
      "precision": 0.6363636363636364,
      "recall": 0.7,
      "f1-score": 0.6666666666666666,
      "support": 10.0
    },