{
  "accuracy": 0.8456973293768546,
  "precision_macro": 0.8306834086968069,
  "recall_macro": 0.7757617914843606,
  "f1_macro": 0.7931508803637521,
  "precision_weighted": 0.8508199964042845,
  "recall_weighted": 0.8456973293768546,
  "f1_weighted": 0.8442123553693821,
  "precision_per_class": [
    0.6666666666666666,
    0.8947368421052632,
    0.8275862068965517,
    0.8985507246376812,
    0.8,
    0.875,
    1.0,
    0.6829268292682927
  ],
  "recall_per_class": [
    0.631578947368421,
    0.864406779661017,
    0.8,
    0.9323308270676691,
    0.8888888888888888,
    0.7777777777777778,
    0.5333333333333333,
    0.7777777777777778
  ],
  "f1_per_class": [
    0.6486486486486487,
    0.8793103448275862,
    0.8135593220338984,
    0.915129151291513,
    0.8421052631578947,
    0.8235294117647058,
    0.6956521739130435,
    0.7272727272727273
  ],
  "confusion_matrix": [
    [
      12,
      1,
      0,
      3,
      1,
      0,
      0,
      2
    ],
    [
      3,
      51,
      1,
      2,
      0,
      0,
      0,
      2
    ],
    [
      1,
      1,
      24,
      1,
      1,
      2,
      0,
      0
    ],
    [
      1,
      2,
      3,
      124,
      0,
      0,
      0,
      3
    ],
    [
      0,
      1,
      0,
      1,
      24,
      0,
      0,
      1
    ],
    [
      0,
      0,
      0,
      3,
      1,
      14,
      0,
      0
    ],
    [
      0,
      0,
      0,
      1,
      1,
      0,
      8,
      5
    ],
    [
      1,
      1,
      1,
      3,
      2,
      0,
      0,
      28
    ]
  ],
  "roc_auc_macro": 0.969871450135936,
  "roc_auc_weighted": 0.9696805356002804,
  "roc_auc_per_class": [
    0.9450513075140682,
    0.9680526765028655,
    0.9338762214983715,
    0.972983930414271,
    0.9859020310633213,
    0.982584465343086,
    0.9979296066252589,
    0.9725913621262459
  ],
  "classification_report": {
    "Ariel Sharon": {
      "precision": 0.6666666666666666,
      "recall": 0.631578947368421,
      "f1-score": 0.6486486486486487,
      "support": 19.0
    },
    "Colin Powell": {
      "precision": 0.8947368421052632,
      "recall": 0.864406779661017,
      "f1-score": 0.8793103448275862,
      "support": 59.0
    },
    "Donald Rumsfeld": {
      "precision": 0.8275862068965517,
      "recall": 0.8,
      "f1-score": 0.8135593220338984,
      "support": 30.0
    },
    "George W Bush": {
      "precision": 0.8985507246376812,
      "recall": 0.9323308270676691,
      "f1-score": 0.915129151291513,
      "support": 133.0
    },
    "Gerhard Schroeder": {
      "precision": 0.8,
      "recall": 0.8888888888888888,
      "f1-score": 0.8421052631578947,
      "support": 27.0
    },
    "Hugo Chavez": {
      "precision": 0.875,
      "recall": 0.7777777777777778,
      "f1-score": 0.8235294117647058,
      "support": 18.0
    },
    "Junichiro Koizumi": {
      "precision": 1.0,
      "recall": 0.5333333333333333,
      "f1-score": 0.6956521739130435,
      "support": 15.0
    },
    "Tony Blair": {
      "precision": 0.6829268292682927,
      "recall": 0.7777777777777778,
      "f1-score": 0.7272727272727273,
      "support": 36.0
    },
    "accuracy": 0.8456973293768546,
    "macro avg": {
      "precision": 0.8306834086968069,
      "recall": 0.7757617914843606,
      "f1-score": 0.7931508803637521,
      "support": 337.0
    },
    "weighted avg": {
      "precision": 0.8508199964042845,
      "recall": 0.8456973293768546,
      "f1-score": 0.8442123553693821,
      "support": 337.0
    }
  },
  "val_score": 0.8719211822660099,
  "best_params": {
    "hidden_layers": [
      128,
      64
    ],
    "learning_rate": 0.01,
    "dropout_rate": 0.3,
    "weight_decay": 0.0001
  },
  "confidence_interval": {
    "accuracy": 0.8467448071216617,
    "lower_bound": 0.8100890207715133,
    "upper_bound": 0.8813056379821959,
    "confidence_level": 0.95,
    "std": 0.018756054533510248
  }
}