{
  "accuracy": 0.7925925925925926,
  "precision_macro": 0.7771249874105551,
  "recall_macro": 0.7575227135796045,
  "f1_macro": 0.7585450933763672,
  "precision_weighted": 0.8002492822526261,
  "recall_weighted": 0.7925925925925926,
  "f1_weighted": 0.7923140120165264,
  "precision_per_class": [
    0.8571428571428571,
    0.8604651162790697,
    0.75,
    0.8288288288288288,
    0.6153846153846154,
    0.8888888888888888,
    0.6470588235294118,
    0.7692307692307693
  ],
  "recall_per_class": [
    0.75,
    0.7872340425531915,
    0.75,
    0.8679245283018868,
    0.7272727272727273,
    0.5714285714285714,
    0.9166666666666666,
    0.6896551724137931
  ],
  "f1_per_class": [
    0.8,
    0.8222222222222222,
    0.75,
    0.847926267281106,
    0.6666666666666666,
    0.6956521739130435,
    0.7586206896551724,
    0.7272727272727273
  ],
  "confusion_matrix": [
    [
      12,
      0,
      0,
      2,
      1,
      0,
      0,
      1
    ],
    [
      0,
      37,
      1,
      6,
      2,
      0,
      0,
      1
    ],
    [
      0,
      0,
      18,
      2,
      1,
      1,
      0,
      2
    ],
    [
      1,
      3,
      4,
      92,
      3,
      0,
      1,
      2
    ],
    [
      1,
      1,
      1,
      2,
      16,
      0,
      1,
      0
    ],
    [
      0,
      1,
      0,
      2,
      1,
      8,
      2,
      0
    ],
    [
      0,
      0,
      0,
      1,
      0,
      0,
      11,
      0
    ],
    [
      0,
      1,
      0,
      4,
      2,
      0,
      2,
      20
    ]
  ],
  "roc_auc_macro": 0.9572658630153854,
  "roc_auc_weighted": 0.9528801233929822,
  "roc_auc_per_class": [
    0.9448818897637795,
    0.9584963266863848,
    0.9750169376693767,
    0.944201564657156,
    0.9450146627565982,
    0.9363839285714286,
    0.9967700258397932,
    0.9573615681785663
  ],
  "classification_report": {
    "Ariel Sharon": {
      "precision": 0.8571428571428571,
      "recall": 0.75,
      "f1-score": 0.8,
      "support": 16.0
    },
    "Colin Powell": {
      "precision": 0.8604651162790697,
      "recall": 0.7872340425531915,
      "f1-score": 0.8222222222222222,
      "support": 47.0
    },
    "Donald Rumsfeld": {
      "precision": 0.75,
      "recall": 0.75,
      "f1-score": 0.75,
      "support": 24.0
    },
    "George W Bush": {
      "precision": 0.8288288288288288,
      "recall": 0.8679245283018868,
      "f1-score": 0.847926267281106,
      "support": 106.0
    },
    "Gerhard Schroeder": {
      "precision": 0.6153846153846154,
      "recall": 0.7272727272727273,
      "f1-score": 0.6666666666666666,
      "support": 22.0
    },
    "Hugo Chavez": {
      "precision": 0.8888888888888888,
      "recall": 0.5714285714285714,
      "f1-score": 0.6956521739130435,
      "support": 14.0
    },
    "Junichiro Koizumi": {
      "precision": 0.6470588235294118,
      "recall": 0.9166666666666666,
      "f1-score": 0.7586206896551724,
      "support": 12.0
    },
    "Tony Blair": {
      "precision": 0.7692307692307693,
      "recall": 0.6896551724137931,
      "f1-score": 0.7272727272727273,
      "support": 29.0
    },
    "accuracy": 0.7925925925925926,
    "macro avg": {
      "precision": 0.7771249874105551,
      "recall": 0.7575227135796045,
      "f1-score": 0.7585450933763672,
      "support": 270.0
    },
    "weighted avg": {
      "precision": 0.8002492822526261,
      "recall": 0.7925925925925926,
      "f1-score": 0.7923140120165264,
      "support": 270.0
    }
  },
  "val_score": 0.8518518518518519,
  "best_params": {
    "learning_rate": 0.001,
    "weight_decay": 1e-05
  },
  "confidence_interval": {
    "accuracy": 0.7923592592592592,
    "lower_bound": 0.7444444444444445,
    "upper_bound": 0.8407407407407408,
    "confidence_level": 0.95,
    "std": 0.02498367944645319
  }
}