{
  "accuracy": 0.7644539614561028,
  "precision_macro": 0.75256818945909,
  "recall_macro": 0.7109753760958043,
  "f1_macro": 0.7204635687817166,
  "precision_weighted": 0.7717806855566514,
  "recall_weighted": 0.7644539614561028,
  "f1_weighted": 0.7617911196204428,
  "precision_per_class": [
    0.6470588235294118,
    1.0,
    0.8214285714285714,
    0.6216216216216216,
    0.837037037037037,
    0.75,
    1.0,
    0.9375,
    0.5833333333333334,
    0.5555555555555556,
    0.875,
    0.6153846153846154,
    0.7333333333333333,
    0.9,
    0.7777777777777778,
    0.7692307692307693,
    0.8571428571428571,
    0.717391304347826,
    0.3
  ],
  "recall_per_class": [
    0.5789473684210527,
    0.36363636363636365,
    0.7796610169491526,
    0.7666666666666667,
    0.849624060150376,
    0.6666666666666666,
    0.9090909090909091,
    0.8333333333333334,
    0.5384615384615384,
    0.7142857142857143,
    0.6363636363636364,
    0.6153846153846154,
    0.7333333333333333,
    0.9,
    0.7,
    0.8333333333333334,
    0.9230769230769231,
    0.9166666666666666,
    0.25
  ],
  "f1_per_class": [
    0.6111111111111112,
    0.5333333333333333,
    0.8,
    0.6865671641791045,
    0.8432835820895522,
    0.7058823529411765,
    0.9523809523809523,
    0.8823529411764706,
    0.56,
    0.625,
    0.7368421052631579,
    0.6153846153846154,
    0.7333333333333333,
    0.9,
    0.7368421052631579,
    0.8,
    0.8888888888888888,
    0.8048780487804879,
    0.2727272727272727
  ],
  "confusion_matrix": [
    [
      11,
      0,
      2,
      1,
      1,
      1,
      0,
      0,
      0,
      1,
      0,
      0,
      0,
      0,
      0,
      1,
      0,
      0,
      1
    ],
    [
      0,
      4,
      0,
      1,
      1,
      1,
      0,
      0,
      0,
      0,
      0,
      0,
      1,
      0,
      0,
      1,
      0,
      2,
      0
    ],
    [
      2,
      0,
      46,
      2,
      4,
      0,
      0,
      0,
      0,
      1,
      0,
      1,
      0,
      0,
      0,
      0,
      0,
      2,
      1
    ],
    [
      2,
      0,
      1,
      23,
      2,
      0,
      0,
      1,
      0,
      0,
      0,
      0,
      0,
      0,
      0,
      0,
      0,
      1,
      0
    ],
    [
      0,
      0,
      3,
      5,
      113,
      1,
      0,
      0,
      2,
      1,
      0,
      1,
      0,
      0,
      0,
      1,
      2,
      1,
      3
    ],
    [
      0,
      0,
      0,
      2,
      1,
      18,
      0,
      0,
      1,
      0,
      0,
      2,
      0,
      0,
      0,
      0,
      0,
      2,
      1
    ],
    [
      0,
      0,
      0,
      0,
      0,
      0,
      10,
      0,
      0,
      0,
      1,
      0,
      0,
      0,
      0,
      0,
      0,
      0,
      0
    ],
    [
      0,
      0,
      1,
      0,
      0,
      0,
      0,
      15,
      0,
      0,
      0,
      0,
      1,
      0,
      0,
      0,
      0,
      1,
      0
    ],
    [
      0,
      0,
      0,
      1,
      0,
      2,
      0,
      0,
      7,
      1,
      0,
      0,
      0,
      0,
      0,
      0,
      0,
      2,
      0
    ],
    [
      1,
      0,
      0,
      2,
      0,
      0,
      0,
      0,
      0,
      10,
      0,
      0,
      0,
      0,
      0,
      0,
      0,
      0,
      1
    ],
    [
      0,
      0,
      0,
      0,
      4,
      0,
      0,
      0,
      0,
      0,
      7,
      0,
      0,
      0,
      0,
      0,
      0,
      0,
      0
    ],
    [
      0,
      0,
      1,
      0,
      1,
      0,
      0,
      0,
      1,
      0,
      0,
      8,
      1,
      0,
      0,
      0,
      0,
      1,
      0
    ],
    [
      0,
      0,
      1,
      0,
      1,
      0,
      0,
      0,
      0,
      0,
      0,
      0,
      11,
      0,
      1,
      0,
      0,
      1,
      0
    ],
    [
      0,
      0,
      0,
      0,
      1,
      0,
      0,
      0,
      0,
      0,
      0,
      0,
      0,
      9,
      0,
      0,
      0,
      0,
      0
    ],
    [
      0,
      0,
      0,
      0,
      3,
      0,
      0,
      0,
      0,
      0,
      0,
      0,
      0,
      0,
      7,
      0,
      0,
      0,
      0
    ],
    [
      0,
      0,
      0,
      0,
      1,
      1,
      0,
      0,
      0,
      0,
      0,
      0,
      0,
      0,
      0,
      10,
      0,
      0,
      0
    ],
    [
      0,
      0,
      0,
      0,
      0,
      0,
      0,
      0,
      0,
      0,
      0,
      0,
      0,
      1,
      0,
      0,
      12,
      0,
      0
    ],
    [
      0,
      0,
      0,
      0,
      0,
      0,
      0,
      0,
      0,
      1,
      0,
      0,
      1,
      0,
      1,
      0,
      0,
      33,
      0
    ],
    [
      1,
      0,
      1,
      0,
      2,
      0,
      0,
      0,
      1,
      3,
      0,
      1,
      0,
      0,
      0,
      0,
      0,
      0,
      3
    ]
  ],
  "roc_auc_macro": 0.9562686292363948,
  "roc_auc_weighted": 0.9525065683721353,
  "roc_auc_per_class": [
    0.9279840225563909,
    0.8014354066985646,
    0.9686773014290462,
    0.9034324942791763,
    0.9434289316104633,
    0.9407407407407407,
    0.9988038277511961,
    0.9808215788171244,
    0.9745848864791595,
    0.9791863765373698,
    0.9706937799043063,
    0.9849203659776347,
    0.9699115044247788,
    0.9945295404814004,
    0.9969365426695843,
    0.9864468864468865,
    0.997289054557777,
    0.9701598350090229,
    0.8791208791208791
  ],
  "classification_report": {
    "Ariel Sharon": {
      "precision": 0.6470588235294118,
      "recall": 0.5789473684210527,
      "f1-score": 0.6111111111111112,
      "support": 19.0
    },
    "Arnold Schwarzenegger": {
      "precision": 1.0,
      "recall": 0.36363636363636365,
      "f1-score": 0.5333333333333333,
      "support": 11.0
    },
    "Colin Powell": {
      "precision": 0.8214285714285714,
      "recall": 0.7796610169491526,
      "f1-score": 0.8,
      "support": 59.0
    },
    "Donald Rumsfeld": {
      "precision": 0.6216216216216216,
      "recall": 0.7666666666666667,
      "f1-score": 0.6865671641791045,
      "support": 30.0
    },
    "George W Bush": {
      "precision": 0.837037037037037,
      "recall": 0.849624060150376,
      "f1-score": 0.8432835820895522,
      "support": 133.0
    },
    "Gerhard Schroeder": {
      "precision": 0.75,
      "recall": 0.6666666666666666,
      "f1-score": 0.7058823529411765,
      "support": 27.0
    },
    "Gloria Macapagal Arroyo": {
      "precision": 1.0,
      "recall": 0.9090909090909091,
      "f1-score": 0.9523809523809523,
      "support": 11.0
    },
    "Hugo Chavez": {
      "precision": 0.9375,
      "recall": 0.8333333333333334,
      "f1-score": 0.8823529411764706,
      "support": 18.0
    },
    "Jacques Chirac": {
      "precision": 0.5833333333333334,
      "recall": 0.5384615384615384,
      "f1-score": 0.56,
      "support": 13.0
    },
    "Jean Chretien": {
      "precision": 0.5555555555555556,
      "recall": 0.7142857142857143,
      "f1-score": 0.625,
      "support": 14.0
    },
    "Jennifer Capriati": {
      "precision": 0.875,
      "recall": 0.6363636363636364,
      "f1-score": 0.7368421052631579,
      "support": 11.0
    },
    "John Ashcroft": {
      "precision": 0.6153846153846154,
      "recall": 0.6153846153846154,
      "f1-score": 0.6153846153846154,
      "support": 13.0
    },
    "Junichiro Koizumi": {
      "precision": 0.7333333333333333,
      "recall": 0.7333333333333333,
      "f1-score": 0.7333333333333333,
      "support": 15.0
    },
    "Laura Bush": {
      "precision": 0.9,
      "recall": 0.9,
      "f1-score": 0.9,
      "support": 10.0
    },
    "Lleyton Hewitt": {
      "precision": 0.7777777777777778,
      "recall": 0.7,
      "f1-score": 0.7368421052631579,
      "support": 10.0
    },