{
  "accuracy": 0.8111111111111111,
  "precision_macro": 0.8223356534052628,
  "recall_macro": 0.7466650883807172,
  "f1_macro": 0.7751460037837152,
  "precision_weighted": 0.8132932299976254,
  "recall_weighted": 0.8111111111111111,
  "f1_weighted": 0.8054782925958922,
  "precision_per_class": [
    1.0,
    0.8333333333333334,
    0.7619047619047619,
    0.8064516129032258,
    0.6842105263157895,
    0.8888888888888888,
    0.7857142857142857,
    0.8181818181818182
  ],
  "recall_per_class": [
    0.8125,
    0.851063829787234,
    0.6666666666666666,
    0.9433962264150944,
    0.5909090909090909,
    0.5714285714285714,
    0.9166666666666666,
    0.6206896551724138
  ],
  "f1_per_class": [
    0.896551724137931,
    0.8421052631578947,
    0.7111111111111111,
    0.8695652173913043,
    0.6341463414634146,
    0.6956521739130435,
    0.8461538461538461,
    0.7058823529411765
  ],
  "confusion_matrix": [
    [
      13,
      1,
      0,
      1,
      1,
      0,
      0,
      0
    ],
    [
      0,
      40,
      1,
      6,
      0,
      0,
      0,
      0
    ],
    [
      0,
      2,
      16,
      6,
      0,
      0,
      0,
      0
    ],
    [
      0,
      3,
      3,
      100,
      0,
      0,
      0,
      0
    ],
    [
      0,
      0,
      1,
      2,
      13,
      1,
      1,
      4
    ],
    [
      0,
      0,
      0,
      3,
      1,
      8,
      2,
      0
    ],
    [
      0,
      0,
      0,
      1,
      0,
      0,
      11,
      0
    ],
    [
      0,
      2,
      0,
      5,
      4,
      0,
      0,
      18
    ]
  ],
  "roc_auc_macro": 0.9699333482241498,
  "roc_auc_weighted": 0.9665419649768471,
  "roc_auc_per_class": [
    0.986466535433071,
    0.9621219349298731,
    0.9761178861788617,
    0.9658881730326737,
    0.9375,
    0.9720982142857143,
    0.9941860465116279,
    0.9650879954213765
  ],
  "classification_report": {
    "Ariel Sharon": {
      "precision": 1.0,
      "recall": 0.8125,
      "f1-score": 0.896551724137931,
      "support": 16.0
    },
    "Colin Powell": {
      "precision": 0.8333333333333334,
      "recall": 0.851063829787234,
      "f1-score": 0.8421052631578947,
      "support": 47.0
    },
    "Donald Rumsfeld": {
      "precision": 0.7619047619047619,
      "recall": 0.6666666666666666,
      "f1-score": 0.7111111111111111,
      "support": 24.0
    },
    "George W Bush": {
      "precision": 0.8064516129032258,
      "recall": 0.9433962264150944,
      "f1-score": 0.8695652173913043,
      "support": 106.0
    },
    "Gerhard Schroeder": {
      "precision": 0.6842105263157895,
      "recall": 0.5909090909090909,
      "f1-score": 0.6341463414634146,
      "support": 22.0
    },
    "Hugo Chavez": {
      "precision": 0.8888888888888888,
      "recall": 0.5714285714285714,
      "f1-score": 0.6956521739130435,
      "support": 14.0
    },
    "Junichiro Koizumi": {
      "precision": 0.7857142857142857,
      "recall": 0.9166666666666666,
      "f1-score": 0.8461538461538461,
      "support": 12.0
    },
    "Tony Blair": {
      "precision": 0.8181818181818182,
      "recall": 0.6206896551724138,
      "f1-score": 0.7058823529411765,
      "support": 29.0
    },
    "accuracy": 0.8111111111111111,
    "macro avg": {
      "precision": 0.8223356534052628,
      "recall": 0.7466650883807172,
      "f1-score": 0.7751460037837152,
      "support": 270.0
    },
    "weighted avg": {
      "precision": 0.8132932299976254,
      "recall": 0.8111111111111111,
      "f1-score": 0.8054782925958922,
      "support": 270.0
    }
  },
  "cv_score": 0.8283979328165374,
  "best_params": {
    "C": 100,
    "gamma": "scale",
    "kernel": "rbf"
  },
  "confidence_interval": {
    "accuracy": 0.8117481481481482,
    "lower_bound": 0.762962962962963,
    "upper_bound": 0.8555555555555555,
    "confidence_level": 0.95,
    "std": 0.024092419221057534
  }
}