{
  "accuracy": 0.6402569593147751,
  "precision_macro": 0.6560948604053799,
  "recall_macro": 0.5495879566681013,
  "f1_macro": 0.5825266204843252,
  "precision_weighted": 0.6443603698460856,
  "recall_weighted": 0.6402569593147751,
  "f1_weighted": 0.6284223973435297,
  "precision_per_class": [
    0.75,
    0.2,
    0.5365853658536586,
    0.5277777777777778,
    0.7302631578947368,
    0.4,
    0.8333333333333334,
    0.36363636363636365,
    0.7142857142857143,
    0.7,
    0.6666666666666666,
    0.8,
    0.7857142857142857,
    0.875,
    0.7777777777777778,
    0.9,
    0.8333333333333334,
    0.5714285714285714,
    0.5
  ],
  "recall_per_class": [
    0.47368421052631576,
    0.09090909090909091,
    0.7457627118644068,
    0.6333333333333333,
    0.8345864661654135,
    0.5185185185185185,
    0.9090909090909091,
    0.2222222222222222,
    0.38461538461538464,
    0.5,
    0.36363636363636365,
    0.3076923076923077,
    0.7333333333333333,
    0.7,
    0.7,
    0.75,
    0.7692307692307693,
    0.5555555555555556,
    0.25
  ],
  "f1_per_class": [
    0.5806451612903226,
    0.125,
    0.624113475177305,
    0.5757575757575758,
    0.7789473684210526,
    0.45161290322580644,
    0.8695652173913043,
    0.27586206896551724,
    0.5,
    0.5833333333333334,
    0.47058823529411764,
    0.4444444444444444,
    0.7586206896551724,
    0.7777777777777778,
    0.7368421052631579,
    0.8181818181818182,
    0.8,
    0.5633802816901409,
    0.3333333333333333
  ],
  "confusion_matrix": [
    [
      9,
      0,
      5,
      3,
      1,
      0,
      0,
      0,
      0,
      0,
      0,
      0,
      0,
      0,
      0,
      0,
      1,
      0,
      0
    ],
    [
      0,
      1,
      0,
      1,
      2,
      2,
      0,
      2,
      0,
      0,
      0,
      0,
      1,
      0,
      0,
      1,
      0,
      1,
      0
    ],
    [
      2,
      0,
      44,
      2,
      5,
      2,
      0,
      0,
      0,
      1,
      0,
      0,
      0,
      0,
      1,
      0,
      0,
      1,
      1
    ],
    [
      0,
      0,
      6,
      19,
      5,
      0,
      0,
      0,
      0,
      0,
      0,
      0,
      0,
      0,
      0,
      0,
      0,
      0,
      0
    ],
    [
      0,
      0,
      9,
      4,
      111,
      2,
      0,
      0,
      0,
      1,
      1,
      1,
      0,
      0,
      0,
      0,
      1,
      3,
      0
    ],
    [
      1,
      1,
      0,
      0,
      3,
      14,
      0,
      1,
      1,
      0,
      0,
      0,
      1,
      0,
      0,
      0,
      0,
      5,
      0
    ],
    [
      0,
      0,
      0,
      0,
      0,
      0,
      10,
      0,
      0,
      0,
      1,
      0,
      0,
      0,
      0,
      0,
      0,
      0,
      0
    ],
    [
      0,
      3,
      3,
      0,
      2,
      2,
      1,
      4,
      0,
      0,
      0,
      0,
      1,
      0,
      0,
      0,
      0,
      2,
      0
    ],
    [
      0,
      0,
      1,
      2,
      2,
      1,
      1,
      0,
      5,
      0,
      0,
      0,
      0,
      0,
      0,
      0,
      0,
      1,
      0
    ],
    [
      0,
      0,
      1,
      2,
      1,
      1,
      0,
      0,
      0,
      7,
      0,
      0,
      0,
      0,
      0,
      0,
      0,
      0,
      2
    ],
    [
      0,
      0,
      0,
      0,
      5,
      2,
      0,
      0,
      0,
      0,
      4,
      0,
      0,
      0,
      0,
      0,
      0,
      0,
      0
    ],
    [
      0,
      0,
      3,
      0,
      3,
      1,
      0,
      0,
      0,
      0,
      0,
      4,
      0,
      0,
      0,
      0,
      0,
      2,
      0
    ],
    [
      0,
      0,
      0,
      0,
      0,
      0,
      0,
      2,
      1,
      0,
      0,
      0,
      11,
      1,
      0,
      0,
      0,
      0,
      0
    ],
    [
      0,
      0,
      1,
      0,
      0,
      1,
      0,
      1,
      0,
      0,
      0,
      0,
      0,
      7,
      0,
      0,
      0,
      0,
      0
    ],
    [
      0,
      0,
      0,
      2,
      1,
      0,
      0,
      0,
      0,
      0,
      0,
      0,
      0,
      0,
      7,
      0,
      0,
      0,
      0
    ],
    [
      0,
      0,
      0,
      0,
      3,
      0,
      0,
      0,
      0,
      0,
      0,
      0,
      0,
      0,
      0,
      9,
      0,
      0,
      0
    ],
    [
      0,
      0,
      1,
      0,
      0,
      0,
      0,
      1,
      0,
      0,
      0,
      0,
      0,
      0,
      1,
      0,
      10,
      0,
      0
    ],
    [
      0,
      0,
      3,
      0,
      6,
      7,
      0,
      0,
      0,
      0,
      0,
      0,
      0,
      0,
      0,
      0,
      0,
      20,
      0
    ],
    [
      0,
      0,
      5,
      1,
      2,
      0,
      0,
      0,
      0,
      1,
      0,
      0,
      0,
      0,
      0,
      0,
      0,
      0,
      3
    ]
  ],
  "roc_auc_macro": 0.9412180386394646,
  "roc_auc_weighted": 0.9260815648790806,
  "roc_auc_per_class": [
    0.9167058270676691,
    0.8664274322169059,
    0.8957710202725158,
    0.8951182303585049,
    0.9181711764441043,
    0.907996632996633,
    0.9950159489633174,
    0.8929720366245979,
    0.9140969162995596,
    0.9867549668874173,
    0.9758771929824562,
    0.9703490342256862,
    0.9792035398230088,
    0.9735229759299782,
    0.9864332603938731,
    0.9943223443223443,
    0.9933920704845814,
    0.922660479505027,
    0.8983516483516484
  ],
  "classification_report": {
    "Ariel Sharon": {
      "precision": 0.75,
      "recall": 0.47368421052631576,
      "f1-score": 0.5806451612903226,
      "support": 19.0
    },
    "Arnold Schwarzenegger": {
      "precision": 0.2,
      "recall": 0.09090909090909091,
      "f1-score": 0.125,
      "support": 11.0
    },
    "Colin Powell": {
      "precision": 0.5365853658536586,
      "recall": 0.7457627118644068,
      "f1-score": 0.624113475177305,
      "support": 59.0
    },
    "Donald Rumsfeld": {
      "precision": 0.5277777777777778,
      "recall": 0.6333333333333333,
      "f1-score": 0.5757575757575758,
      "support": 30.0
    },
    "George W Bush": {
      "precision": 0.7302631578947368,
      "recall": 0.8345864661654135,
      "f1-score": 0.7789473684210526,
      "support": 133.0
    },
    "Gerhard Schroeder": {
      "precision": 0.4,
      "recall": 0.5185185185185185,
      "f1-score": 0.45161290322580644,
      "support": 27.0
    },
    "Gloria Macapagal Arroyo": {
      "precision": 0.8333333333333334,
      "recall": 0.9090909090909091,
      "f1-score": 0.8695652173913043,
      "support": 11.0
    },
    "Hugo Chavez": {
      "precision": 0.36363636363636365,
      "recall": 0.2222222222222222,
      "f1-score": 0.27586206896551724,
      "support": 18.0
    },
    "Jacques Chirac": {
      "precision": 0.7142857142857143,
      "recall": 0.38461538461538464,
      "f1-score": 0.5,
      "support": 13.0
    },
    "Jean Chretien": {
      "precision": 0.7,
      "recall": 0.5,
      "f1-score": 0.5833333333333334,
      "support": 14.0
    },
    "Jennifer Capriati": {
      "precision": 0.6666666666666666,
      "recall": 0.36363636363636365,
      "f1-score": 0.47058823529411764,
      "support": 11.0
    },
    "John Ashcroft": {
      "precision": 0.8,
      "recall": 0.3076923076923077,
      "f1-score": 0.4444444444444444,
      "support": 13.0
    },
    "Junichiro Koizumi": {
      "precision": 0.7857142857142857,
      "recall": 0.7333333333333333,
      "f1-score": 0.7586206896551724,
      "support": 15.0
    },
    "Laura Bush": {
      "precision": 0.875,
      "recall": 0.7,
      "f1-score": 0.7777777777777778,
      "support": 10.0
    },
    "Lleyton Hewitt": {
      "precision": 0.7777777777777778,
      "recall": 0.7,
      "f1-score": 0.7368421052631579,
      "support": 10.0
    },