{
  "accuracy": 0.8160237388724035,
  "precision_macro": 0.7880267157610907,
  "recall_macro": 0.7600009026804299,
  "f1_macro": 0.7702156722297594,
  "precision_weighted": 0.815668198503881,
  "recall_weighted": 0.8160237388724035,
  "f1_weighted": 0.8135855888000203,
  "precision_per_class": [
    0.6875,
    0.765625,
    0.7916666666666666,
    0.8740740740740741,
    0.8,
    0.8571428571428571,
    0.7333333333333333,
    0.7948717948717948
  ],
  "recall_per_class": [
    0.5789473684210527,
    0.8305084745762712,
    0.6333333333333333,
    0.8872180451127819,
    0.8888888888888888,
    0.6666666666666666,
    0.7333333333333333,
    0.8611111111111112
  ],
  "f1_per_class": [
    0.6285714285714286,
    0.7967479674796748,
    0.7037037037037037,
    0.8805970149253731,
    0.8421052631578947,
    0.75,
    0.7333333333333333,
    0.8266666666666667
  ],
  "confusion_matrix": [
    [
      11,
      3,
      1,
      2,
      2,
      0,
      0,
      0
    ],
    [
      4,
      49,
      0,
      4,
      0,
      0,
      0,
      2
    ],
    [
      0,
      4,
      19,
      4,
      1,
      1,
      0,
      1
    ],
    [
      1,
      6,
      3,
      118,
      0,
      1,
      2,
      2
    ],
    [
      0,
      0,
      1,
      1,
      24,
      0,
      1,
      0
    ],
    [
      0,
      1,
      0,
      1,
      2,
      12,
      1,
      1
    ],
    [
      0,
      0,
      0,
      2,
      0,
      0,
      11,
      2
    ],
    [
      0,
      1,
      0,
      3,
      1,
      0,
      0,
      31
    ]
  ],
  "roc_auc_macro": 0.9696824543926403,
  "roc_auc_weighted": 0.9638623345976605,
  "roc_auc_per_class": [
    0.9587884806355512,
    0.9640897451530301,
    0.9516829533116178,
    0.9574303405572755,
    0.9818399044205496,
    0.9909439219784046,
    0.9908902691511388,
    0.9617940199335548
  ],
  "classification_report": {
    "Ariel Sharon": {
      "precision": 0.6875,
      "recall": 0.5789473684210527,
      "f1-score": 0.6285714285714286,
      "support": 19.0
    },
    "Colin Powell": {
      "precision": 0.765625,
      "recall": 0.8305084745762712,
      "f1-score": 0.7967479674796748,
      "support": 59.0
    },
    "Donald Rumsfeld": {
      "precision": 0.7916666666666666,
      "recall": 0.6333333333333333,
      "f1-score": 0.7037037037037037,
      "support": 30.0
    },
    "George W Bush": {
      "precision": 0.8740740740740741,
      "recall": 0.8872180451127819,
      "f1-score": 0.8805970149253731,
      "support": 133.0
    },
    "Gerhard Schroeder": {
      "precision": 0.8,
      "recall": 0.8888888888888888,
      "f1-score": 0.8421052631578947,
      "support": 27.0
    },
    "Hugo Chavez": {
      "precision": 0.8571428571428571,
      "recall": 0.6666666666666666,
      "f1-score": 0.75,
      "support": 18.0
    },
    "Junichiro Koizumi": {
      "precision": 0.7333333333333333,
      "recall": 0.7333333333333333,
      "f1-score": 0.7333333333333333,
      "support": 15.0
    },
    "Tony Blair": {
      "precision": 0.7948717948717948,
      "recall": 0.8611111111111112,
      "f1-score": 0.8266666666666667,
      "support": 36.0
    },
    "accuracy": 0.8160237388724035,
    "macro avg": {
      "precision": 0.7880267157610907,
      "recall": 0.7600009026804299,
      "f1-score": 0.7702156722297594,
      "support": 337.0
    },
    "weighted avg": {
      "precision": 0.815668198503881,
      "recall": 0.8160237388724035,
      "f1-score": 0.8135855888000203,
      "support": 337.0
    }
  },
  "cv_score": 0.812051894844657,
  "best_params": {
    "C": 0.01,
    "gamma": "scale",
    "kernel": "linear"
  },
  "confidence_interval": {
    "accuracy": 0.815433234421365,
    "lower_bound": 0.7744807121661721,
    "upper_bound": 0.8545994065281899,
    "confidence_level": 0.95,
    "std": 0.020847550315227392
  }
}