{
  "accuracy": 0.7596439169139466,
  "precision_macro": 0.7426155901221645,
  "recall_macro": 0.6827504849694859,
  "f1_macro": 0.7046903186329125,
  "precision_weighted": 0.7556188165220611,
  "recall_weighted": 0.7596439169139466,
  "f1_weighted": 0.7516619593702136,
  "precision_per_class": [
    0.6923076923076923,
    0.7101449275362319,
    0.75,
    0.8108108108108109,
    0.72,
    0.8,
    0.8125,
    0.6451612903225806
  ],
  "recall_per_class": [
    0.47368421052631576,
    0.8305084745762712,
    0.5,
    0.9022556390977443,
    0.6666666666666666,
    0.6666666666666666,
    0.8666666666666667,
    0.5555555555555556
  ],
  "f1_per_class": [
    0.5625,
    0.765625,
    0.6,
    0.8540925266903915,
    0.6923076923076923,
    0.7272727272727273,
    0.8387096774193549,
    0.5970149253731343
  ],
  "confusion_matrix": [
    [
      9,
      5,
      2,
      1,
      1,
      0,
      0,
      1
    ],
    [
      2,
      49,
      1,
      5,
      0,
      0,
      0,
      2
    ],
    [
      0,
      6,
      15,
      7,
      1,
      1,
      0,
      0
    ],
    [
      2,
      5,
      2,
      120,
      1,
      1,
      1,
      1
    ],
    [
      0,
      1,
      0,
      3,
      18,
      1,
      1,
      3
    ],
    [
      0,
      0,
      0,
      2,
      0,
      12,
      1,
      3
    ],
    [
      0,
      0,
      0,
      1,
      0,
      0,
      13,
      1
    ],
    [
      0,
      3,
      0,
      9,
      4,
      0,
      0,
      20
    ]
  ],
  "roc_auc_macro": 0.9474497020973996,
  "roc_auc_weighted": 0.9424858169831944,
  "roc_auc_per_class": [
    0.9516716319099636,
    0.9372637483233752,
    0.9281216069489686,
    0.9408816158042164,
    0.9485065710872163,
    0.953848833159178,
    0.9817805383022774,
    0.9375230712440015
  ],
  "classification_report": {
    "Ariel Sharon": {
      "precision": 0.6923076923076923,
      "recall": 0.47368421052631576,
      "f1-score": 0.5625,
      "support": 19.0
    },
    "Colin Powell": {
      "precision": 0.7101449275362319,
      "recall": 0.8305084745762712,
      "f1-score": 0.765625,
      "support": 59.0
    },
    "Donald Rumsfeld": {
      "precision": 0.75,
      "recall": 0.5,
      "f1-score": 0.6,
      "support": 30.0
    },
    "George W Bush": {
      "precision": 0.8108108108108109,
      "recall": 0.9022556390977443,
      "f1-score": 0.8540925266903915,
      "support": 133.0
    },
    "Gerhard Schroeder": {
      "precision": 0.72,
      "recall": 0.6666666666666666,
      "f1-score": 0.6923076923076923,
      "support": 27.0
    },
    "Hugo Chavez": {
      "precision": 0.8,
      "recall": 0.6666666666666666,
      "f1-score": 0.7272727272727273,
      "support": 18.0
    },
    "Junichiro Koizumi": {
      "precision": 0.8125,
      "recall": 0.8666666666666667,
      "f1-score": 0.8387096774193549,
      "support": 15.0
    },
    "Tony Blair": {
      "precision": 0.6451612903225806,
      "recall": 0.5555555555555556,
      "f1-score": 0.5970149253731343,
      "support": 36.0
    },
    "accuracy": 0.7596439169139466,
    "macro avg": {
      "precision": 0.7426155901221645,
      "recall": 0.6827504849694859,
      "f1-score": 0.7046903186329125,
      "support": 337.0
    },
    "weighted avg": {
      "precision": 0.7556188165220611,
      "recall": 0.7596439169139466,
      "f1-score": 0.7516619593702136,
      "support": 337.0
    }
  },
  "cv_score": 0.7725454811491002,
  "best_params": {
    "C": 0.01,
    "gamma": "scale",
    "kernel": "linear"
  },
  "confidence_interval": {
    "accuracy": 0.7597448071216618,
    "lower_bound": 0.7151335311572701,
    "upper_bound": 0.8071216617210683,
    "confidence_level": 0.95,
    "std": 0.02322683005242006
  }
}