{
  "accuracy": 0.8037037037037037,
  "precision_macro": 0.7801342814793902,
  "recall_macro": 0.759209684944918,
  "f1_macro": 0.7641159247807997,
  "precision_weighted": 0.8054273793839012,
  "recall_weighted": 0.8037037037037037,
  "f1_weighted": 0.8019295096266449,
  "precision_per_class": [
    0.8,
    0.78,
    0.6956521739130435,
    0.8636363636363636,
    0.7142857142857143,
    0.9,
    0.6875,
    0.8
  ],
  "recall_per_class": [
    0.75,
    0.8297872340425532,
    0.6666666666666666,
    0.8962264150943396,
    0.6818181818181818,
    0.6428571428571429,
    0.9166666666666666,
    0.6896551724137931
  ],
  "f1_per_class": [
    0.7741935483870968,
    0.8041237113402062,
    0.6808510638297872,
    0.8796296296296297,
    0.6976744186046512,
    0.75,
    0.7857142857142857,
    0.7407407407407407
  ],
  "confusion_matrix": [
    [
      12,
      2,
      1,
      0,
      1,
      0,
      0,
      0
    ],
    [
      3,
      39,
      1,
      3,
      0,
      0,
      0,
      1
    ],
    [
      0,
      1,
      16,
      5,
      0,
      1,
      0,
      1
    ],
    [
      0,
      4,
      3,
      95,
      1,
      0,
      1,
      2
    ],
    [
      0,
      1,
      2,
      1,
      15,
      0,
      2,
      1
    ],
    [
      0,
      0,
      0,
      1,
      2,
      9,
      2,
      0
    ],
    [
      0,
      0,
      0,
      1,
      0,
      0,
      11,
      0
    ],
    [
      0,
      3,
      0,
      4,
      2,
      0,
      0,
      20
    ]
  ],
  "roc_auc_macro": 0.9582268476318323,
  "roc_auc_weighted": 0.9537059345256921,
  "roc_auc_per_class": [
    0.9763779527559054,
    0.9545844862131476,
    0.9329268292682927,
    0.9519673262770364,
    0.9358504398826979,
    0.9709821428571428,
    0.9893410852713178,
    0.9537845185291172
  ],
  "classification_report": {
    "Ariel Sharon": {
      "precision": 0.8,
      "recall": 0.75,
      "f1-score": 0.7741935483870968,
      "support": 16.0
    },
    "Colin Powell": {
      "precision": 0.78,
      "recall": 0.8297872340425532,
      "f1-score": 0.8041237113402062,
      "support": 47.0
    },
    "Donald Rumsfeld": {
      "precision": 0.6956521739130435,
      "recall": 0.6666666666666666,
      "f1-score": 0.6808510638297872,
      "support": 24.0
    },
    "George W Bush": {
      "precision": 0.8636363636363636,
      "recall": 0.8962264150943396,
      "f1-score": 0.8796296296296297,
      "support": 106.0
    },
    "Gerhard Schroeder": {
      "precision": 0.7142857142857143,
      "recall": 0.6818181818181818,
      "f1-score": 0.6976744186046512,
      "support": 22.0
    },
    "Hugo Chavez": {
      "precision": 0.9,
      "recall": 0.6428571428571429,
      "f1-score": 0.75,
      "support": 14.0
    },
    "Junichiro Koizumi": {
      "precision": 0.6875,
      "recall": 0.9166666666666666,
      "f1-score": 0.7857142857142857,
      "support": 12.0
    },
    "Tony Blair": {
      "precision": 0.8,
      "recall": 0.6896551724137931,
      "f1-score": 0.7407407407407407,
      "support": 29.0
    },
    "accuracy": 0.8037037037037037,
    "macro avg": {
      "precision": 0.7801342814793902,
      "recall": 0.759209684944918,
      "f1-score": 0.7641159247807997,
      "support": 270.0
    },
    "weighted avg": {
      "precision": 0.8054273793839012,
      "recall": 0.8037037037037037,
      "f1-score": 0.8019295096266449,
      "support": 270.0
    }
  },
  "cv_score": 0.8237726098191216,
  "best_params": {
    "C": 1,
    "gamma": "scale",
    "kernel": "linear"
  },
  "confidence_interval": {
    "accuracy": 0.8038555555555557,
    "lower_bound": 0.7592592592592593,
    "upper_bound": 0.8481481481481481,
    "confidence_level": 0.95,
    "std": 0.023322548654042177
  }
}