{
  "accuracy": 0.7366167023554604,
  "precision_macro": 0.7242581613061556,
  "recall_macro": 0.6806975191594187,
  "f1_macro": 0.6939338933697016,
  "precision_weighted": 0.7444010501207248,
  "recall_weighted": 0.7366167023554604,
  "f1_weighted": 0.7348657683357536,
  "precision_per_class": [
    0.75,
    0.4,
    0.7230769230769231,
    0.6774193548387096,
    0.8208955223880597,
    0.6666666666666666,
    0.8333333333333334,
    0.7142857142857143,
    0.8571428571428571,
    0.6111111111111112,
    0.7777777777777778,
    1.0,
    0.9166666666666666,
    0.875,
    0.6666666666666666,
    0.6923076923076923,
    0.7272727272727273,
    0.6666666666666666,
    0.38461538461538464
  ],
  "recall_per_class": [
    0.631578947368421,
    0.36363636363636365,
    0.7966101694915254,
    0.7,
    0.8270676691729323,
    0.5925925925925926,
    0.9090909090909091,
    0.5555555555555556,
    0.46153846153846156,
    0.7857142857142857,
    0.6363636363636364,
    0.7692307692307693,
    0.7333333333333333,
    0.7,
    0.8,
    0.75,
    0.6153846153846154,
    0.8888888888888888,
    0.4166666666666667
  ],
  "f1_per_class": [
    0.6857142857142857,
    0.38095238095238093,
    0.7580645161290323,
    0.6885245901639344,
    0.8239700374531835,
    0.6274509803921569,
    0.8695652173913043,
    0.625,
    0.6,
    0.6875,
    0.7,
    0.8695652173913043,
    0.8148148148148148,
    0.7777777777777778,
    0.7272727272727273,
    0.72,
    0.6666666666666666,
    0.7619047619047619,
    0.4
  ],
  "confusion_matrix": [
    [
      12,
      0,
      1,
      1,
      1,
      0,
      0,
      0,
      0,
      1,
      0,
      0,
      0,
      0,
      1,
      0,
      1,
      0,
      1
    ],
    [
      1,
      4,
      0,
      0,
      1,
      1,
      0,
      1,
      0,
      0,
      0,
      0,
      1,
      0,
      0,
      0,
      0,
      2,
      0
    ],
    [
      1,
      0,
      47,
      0,
      3,
      0,
      0,
      0,
      0,
      1,
      0,
      0,
      0,
      0,
      2,
      0,
      0,
      3,
      2
    ],
    [
      0,
      0,
      4,
      21,
      4,
      1,
      0,
      0,
      0,
      0,
      0,
      0,
      0,
      0,
      0,
      0,
      0,
      0,
      0
    ],
    [
      1,
      0,
      7,
      2,
      110,
      1,
      0,
      0,
      0,
      2,
      0,
      0,
      0,
      0,
      0,
      2,
      1,
      6,
      1
    ],
    [
      0,
      1,
      0,
      2,
      2,
      16,
      0,
      1,
      1,
      0,
      1,
      0,
      0,
      1,
      1,
      0,
      0,
      1,
      0
    ],
    [
      0,
      0,
      0,
      0,
      0,
      0,
      10,
      1,
      0,
      0,
      0,
      0,
      0,
      0,
      0,
      0,
      0,
      0,
      0
    ],
    [
      0,
      2,
      1,
      0,
      1,
      1,
      0,
      10,
      0,
      0,
      0,
      0,
      0,
      0,
      0,
      0,
      0,
      3,
      0
    ],
    [
      0,
      1,
      0,
      2,
      0,
      1,
      1,
      0,
      6,
      0,
      0,
      0,
      0,
      0,
      0,
      0,
      0,
      1,
      1
    ],
    [
      0,
      0,
      0,
      1,
      0,
      0,
      0,
      0,
      0,
      11,
      0,
      0,
      0,
      0,
      0,
      0,
      0,
      0,
      2
    ],
    [
      0,
      1,
      0,
      0,
      3,
      0,
      0,
      0,
      0,
      0,
      7,
      0,
      0,
      0,
      0,
      0,
      0,
      0,
      0
    ],
    [
      0,
      1,
      1,
      0,
      0,
      1,
      0,
      0,
      0,
      0,
      0,
      10,
      0,
      0,
      0,
      0,
      0,
      0,
      0
    ],
    [
      0,
      0,
      0,
      0,
      1,
      0,
      0,
      1,
      0,
      0,
      0,
      0,
      11,
      0,
      0,
      1,
      1,
      0,
      0
    ],
    [
      0,
      0,
      0,
      0,
      1,
      1,
      1,
      0,
      0,
      0,
      0,
      0,
      0,
      7,
      0,
      0,
      0,
      0,
      0
    ],
    [
      0,
      0,
      0,
      1,
      0,
      0,
      0,
      0,
      0,
      1,
      0,
      0,
      0,
      0,
      8,
      0,
      0,
      0,
      0
    ],
    [
      0,
      0,
      0,
      0,
      2,
      0,
      0,
      0,
      0,
      0,
      1,
      0,
      0,
      0,
      0,
      9,
      0,
      0,
      0
    ],
    [
      0,
      0,
      2,
      1,
      1,
      0,
      0,
      0,
      0,
      0,
      0,
      0,
      0,
      0,
      0,
      1,
      8,
      0,
      0
    ],
    [
      0,
      0,
      0,
      0,
      2,
      1,
      0,
      0,
      0,
      0,
      0,
      0,
      0,
      0,
      0,
      0,
      0,
      32,
      1
    ],
    [
      1,
      0,
      2,
      0,
      2,
      0,
      0,
      0,
      0,
      2,
      0,
      0,
      0,
      0,
      0,
      0,
      0,
      0,
      5
    ]
  ],
  "roc_auc_macro": 0.9671476329536046,
  "roc_auc_weighted": 0.9577432645037266,
  "roc_auc_per_class": [
    0.96968984962406,
    0.8608452950558214,
    0.952475905616484,
    0.9299008390541571,
    0.9436540452928729,
    0.9486531986531986,
    0.9984051036682615,
    0.9683246721108636,
    0.9766180955608268,
    0.9916430148218228,
    0.9942185007974481,
    0.9955947136563876,
    0.9908554572271386,
    0.9899343544857768,
    0.9897155361050328,
    0.993040293040293,
    0.9930532023043036,
    0.9639082237690126,
    0.9252747252747253
  ],
  "classification_report": {
    "Ariel Sharon": {
      "precision": 0.75,
      "recall": 0.631578947368421,
      "f1-score": 0.6857142857142857,
      "support": 19.0
    },
    "Arnold Schwarzenegger": {
      "precision": 0.4,
      "recall": 0.36363636363636365,
      "f1-score": 0.38095238095238093,
      "support": 11.0
    },
    "Colin Powell": {
      "precision": 0.7230769230769231,
      "recall": 0.7966101694915254,
      "f1-score": 0.7580645161290323,
      "support": 59.0
    },
    "Donald Rumsfeld": {
      "precision": 0.6774193548387096,
      "recall": 0.7,
      "f1-score": 0.6885245901639344,
      "support": 30.0
    },
    "George W Bush": {
      "precision": 0.8208955223880597,
      "recall": 0.8270676691729323,
      "f1-score": 0.8239700374531835,
      "support": 133.0
    },
    "Gerhard Schroeder": {
      "precision": 0.6666666666666666,
      "recall": 0.5925925925925926,
      "f1-score": 0.6274509803921569,
      "support": 27.0
    },
    "Gloria Macapagal Arroyo": {
      "precision": 0.8333333333333334,
      "recall": 0.9090909090909091,
      "f1-score": 0.8695652173913043,
      "support": 11.0
    },
    "Hugo Chavez": {
      "precision": 0.7142857142857143,
      "recall": 0.5555555555555556,
      "f1-score": 0.625,
      "support": 18.0
    },
    "Jacques Chirac": {
      "precision": 0.8571428571428571,
      "recall": 0.46153846153846156,
      "f1-score": 0.6,
      "support": 13.0
    },
    "Jean Chretien": {
      "precision": 0.6111111111111112,
      "recall": 0.7857142857142857,
      "f1-score": 0.6875,
      "support": 14.0
    },
    "Jennifer Capriati": {
      "precision": 0.7777777777777778,
      "recall": 0.6363636363636364,
      "f1-score": 0.7,
      "support": 11.0
    },
    "John Ashcroft": {
      "precision": 1.0,
      "recall": 0.7692307692307693,
      "f1-score": 0.8695652173913043,
      "support": 13.0
    },
    "Junichiro Koizumi": {
      "precision": 0.9166666666666666,
      "recall": 0.7333333333333333,
      "f1-score": 0.8148148148148148,
      "support": 15.0
    },
    "Laura Bush": {
      "precision": 0.875,
      "recall": 0.7,
      "f1-score": 0.7777777777777778,
      "support": 10.0
    },
    "Lleyton Hewitt": {
      "precision": 0.6666666666666666,
      "recall": 0.8,
      "f1-score": 0.7272727272727273,
      "support": 10.0
    },