model;accuracy;precision_macro;recall_macro;f1_macro;precision_weighted;recall_weighted;f1_weighted;roc_auc_macro;roc_auc_weighted
SVM_original;0.810077519379845;0.8333905627028139;0.6989488550781621;0.7445910430479868;0.8163730272575404;0.810077519379845;0.8017216278216197;0.9839940295842238;0.9826235437116135
NN_original;0.8488372093023255;0.806807391148679;0.8448288152277934;0.8229459878979718;0.8585817214083404;0.8488372093023255;0.8502312649833766;0.9783662962031496;0.9745056576637839
