model,features,accuracy,precision_macro,recall_macro,f1_macro,f1_weighted,roc_auc_macro,cv_score,acc_lower,acc_upper
NN,PCA,0.8527131782945736,0.8099830167850773,0.8130878936118934,0.8086011128934819,0.8542344093781934,0.9803028493917401,0.8572815533980582,0.8062015503875969,0.8953488372093024
NN,Autoencoder,0.813953488372093,0.7457984412744139,0.775325941371365,0.7571837569976065,0.8143255160591968,0.9679434035498263,0.7922330097087378,0.7635658914728682,0.8604651162790697
SVM,PCA,0.8062015503875969,0.784623943308154,0.7144897536918419,0.742269495677243,0.8015116734249191,0.9800220827030841,0.8145631067961165,0.7558139534883721,0.8488372093023255
SVM,Autoencoder,0.7984496124031008,0.7957112647430513,0.7175861260390689,0.7473607820537448,0.7939106343895103,0.9709574826736095,0.7786407766990291,0.748062015503876,0.8449612403100775
