model;features;accuracy;precision_macro;recall_macro;f1_macro;f1_weighted;roc_auc_macro;cv_score;acc_lower;acc_upper
NN;PCA;0.8488372093023255;0.7967320306628203;0.8241749569342945;0.8072439623528884;0.8518338121036603;0.9809308617871333;0.8611650485436894;0.8023255813953488;0.8914728682170543
NN;Autoencoder;0.8178294573643411;0.7902149465078526;0.7853971383967548;0.7849207853124056;0.8200220794808719;0.9720202664133113;0.7951456310679612;0.7713178294573644;0.8643410852713178
SVM;PCA;0.8062015503875969;0.784623943308154;0.7144897536918419;0.742269495677243;0.8015116734249191;0.9800220827030841;0.8145631067961165;0.7558139534883721;0.8488372093023255
SVM;Autoencoder;0.7984496124031008;0.7957112647430513;0.7175861260390689;0.7473607820537448;0.7939106343895103;0.9709574826736095;0.7786407766990291;0.748062015503876;0.8449612403100775
